[
    {
        "Src": "https://encrypted-tbn0.gstatic.com/images?q=tbn:ANd9GcSDMDYue0pBpb6lUBqyX3t4AQQvlISRt3iuFw&s",
        "Qtd": 10,
        "Title": "Kit festa adulto",
        "Preco": 10,
        "Comentarios": []
    },
    {
        "Src": "https://cdn.awsli.com.br/600x450/817/817549/produto/44329039/085a7b033a.jpg",
        "Qtd": 10,
        "Title": "Kit festa criança",
        "Preco": 20,
        "Comentarios": []
    },
    {
        "Src": "https://universodecorado.com.br/wp-content/uploads/2022/07/Kit-Pegue-Monte-Floral-Luxo-2.jpg",
        "Qtd": 10,
        "Title": "Kit festa casamento",
        "Preco": 30,
        "Comentarios": []
    },
    {
        "Src": "https://i.pinimg.com/736x/8b/ae/64/8bae649af4792f4020f9b305580f423d.jpg",
        "Qtd": 10,
        "Title": "Peça de decoração",
        "Preco": 30,
        "Comentarios": []
    }
]