[
    {
        "Src": "https://encrypted-tbn0.gstatic.com/images?q=tbn:ANd9GcSDMDYue0pBpb6lUBqyX3t4AQQvlISRt3iuFw&s",
        "Qtd": 10,
        "Title": "Kit festa adulto",
        "Preco": 10
    },
    {
        "Src": "https://cdn.awsli.com.br/600x450/817/817549/produto/44329039/085a7b033a.jpg",
        "Qtd": 10,
        "Title": "Kit festa criança",
        "Preco": 20
    },
    {
        "Src": "https://universodecorado.com.br/wp-content/uploads/2022/07/Kit-Pegue-Monte-Floral-Luxo-2.jpg",
        "Qtd": 10,
        "Title": "Kit festa casamento",
        "Preco": 30
    },
    {
        "Src": "https://universodecorado.com.br/wp-content/uploads/2022/07/Kit-Pegue-Monte-Floral-Luxo-2.jpg",
        "Qtd": 10,
        "Title": "Kit festa casamento",
        "Preco": 30
    }
]