[
    {
        "Src": "https://encrypted-tbn0.gstatic.com/images?q=tbn:ANd9GcS00IXiDyhDca7zG5M-eZPqtPQXReekw-VcMA&s",
        "Qtd": 10,
        "Title": "top 1",
        "Preco": 10
    },
    {
        "Src": "https://encrypted-tbn0.gstatic.com/images?q=tbn:ANd9GcS00IXiDyhDca7zG5M-eZPqtPQXReekw-VcMA&s",
        "Qtd": 10,
        "Title": "top 2",
        "Preco": 20
    },
    {
        "Src": "https://encrypted-tbn0.gstatic.com/images?q=tbn:ANd9GcS00IXiDyhDca7zG5M-eZPqtPQXReekw-VcMA&s",
        "Qtd": 10,
        "Title": "top 3",
        "Preco": 30
    }
]